{"epoch": 1, "loss": 0.02348263365579695, "t2v_metrics": 0.0, "v2t_metrics": 0.0, "val_loss": 0.016384249553084373, "val_t2v_metrics_R1": 4.345238095238095, "val_t2v_metrics_R5": 15.446428571428571, "val_t2v_metrics_R10": 22.976190476190474, "val_t2v_metrics_R50": 49.04761904761905, "val_t2v_metrics_MedR": 53.0, "val_t2v_metrics_MeanR": 168.8044642857143, "val_t2v_metrics_geometric_mean_R1-R5-R10": 11.553313566110937, "val_v2t_metrics_R1": 6.815476190476191, "val_v2t_metrics_R5": 19.43452380952381, "val_v2t_metrics_R10": 28.422619047619047, "val_v2t_metrics_R50": 54.583333333333336, "val_v2t_metrics_MedR": 38.0, "val_v2t_metrics_MeanR": 146.54642857142858, "val_v2t_metrics_geometric_mean_R1-R5-R10": 15.556482365455308, "_timestamp": 1679104133.086968, "_runtime": 70.18426585197449, "_step": 0, "_wandb": {"runtime": 72}}