{"epoch": 5, "loss": 0.006312333308554516, "t2v_metrics": 0.0, "v2t_metrics": 0.0, "val_loss": 0.022197213023900986, "val_t2v_metrics_R1": 4.821428571428571, "val_t2v_metrics_R5": 15.029761904761905, "val_t2v_metrics_R10": 22.946428571428573, "val_t2v_metrics_R50": 50.089285714285715, "val_t2v_metrics_MedR": 50.0, "val_t2v_metrics_MeanR": 166.9202380952381, "val_t2v_metrics_geometric_mean_R1-R5-R10": 11.847161610948694, "val_v2t_metrics_R1": 5.892857142857143, "val_v2t_metrics_R5": 18.898809523809526, "val_v2t_metrics_R10": 27.738095238095237, "val_v2t_metrics_R50": 55.267857142857146, "val_v2t_metrics_MedR": 38.0, "val_v2t_metrics_MeanR": 139.62470238095239, "val_v2t_metrics_geometric_mean_R1-R5-R10": 14.563943940484256, "_timestamp": 1683948482.9931605, "_runtime": 1356.8673605918884, "_step": 4}