{"epoch": 50, "loss": 9.382247303884475e-05, "t2v_metrics": 0.0, "v2t_metrics": 0.0, "val_loss": 0.033477261662483215, "val_t2v_metrics_R1": 8.928571428571429, "val_t2v_metrics_R5": 25.238095238095237, "val_t2v_metrics_R10": 34.70238095238095, "val_t2v_metrics_R50": 57.73809523809524, "val_t2v_metrics_MedR": 30.0, "val_t2v_metrics_MeanR": 195.32752976190477, "val_t2v_metrics_geometric_mean_R1-R5-R10": 19.848724711891872, "val_v2t_metrics_R1": 10.595238095238095, "val_v2t_metrics_R5": 26.458333333333332, "val_v2t_metrics_R10": 35.029761904761905, "val_v2t_metrics_R50": 57.023809523809526, "val_v2t_metrics_MedR": 30.0, "val_v2t_metrics_MeanR": 181.67708333333334, "val_v2t_metrics_geometric_mean_R1-R5-R10": 21.414279322543674, "_timestamp": 1684038809.90245, "_runtime": 6376.913410186768, "_step": 49}