{"epoch": 3, "loss": 0.019114923274154386, "t2v_metrics": 0.0, "v2t_metrics": 0.0, "val_loss": 0.025276387110352516, "val_t2v_metrics_R1": 2.5297619047619047, "val_t2v_metrics_R5": 10.208333333333334, "val_t2v_metrics_R10": 16.071428571428573, "val_t2v_metrics_R50": 39.61309523809524, "val_t2v_metrics_MedR": 83.0, "val_t2v_metrics_MeanR": 221.9988095238095, "val_t2v_metrics_geometric_mean_R1-R5-R10": 7.459269949545855, "val_v2t_metrics_R1": 3.630952380952381, "val_v2t_metrics_R5": 12.5, "val_v2t_metrics_R10": 19.791666666666668, "val_v2t_metrics_R50": 43.898809523809526, "val_v2t_metrics_MedR": 65.0, "val_v2t_metrics_MeanR": 190.47767857142858, "val_v2t_metrics_geometric_mean_R1-R5-R10": 9.648748314406202, "_timestamp": 1683970277.5926416, "_runtime": 802.2139976024628, "_step": 2, "_wandb": {"runtime": 815}}