{"epoch": 10, "loss": 0.0001086858772671246, "t2v_metrics": 0.0, "v2t_metrics": 0.0, "val_loss": 0.0150912469252944, "val_t2v_metrics_R1": 11.458333333333334, "val_t2v_metrics_R5": 30.327380952380953, "val_t2v_metrics_R10": 40.29761904761905, "val_t2v_metrics_R50": 65.6547619047619, "val_t2v_metrics_MedR": 19.0, "val_t2v_metrics_MeanR": 120.52202380952382, "val_t2v_metrics_geometric_mean_R1-R5-R10": 24.103415200596697, "val_v2t_metrics_R1": 14.791666666666666, "val_v2t_metrics_R5": 33.45238095238095, "val_v2t_metrics_R10": 43.24404761904762, "val_v2t_metrics_R50": 67.88690476190476, "val_v2t_metrics_MedR": 16.5, "val_v2t_metrics_MeanR": 109.89910714285715, "val_v2t_metrics_geometric_mean_R1-R5-R10": 27.762388501872795, "_timestamp": 1679106191.8435535, "_runtime": 492.5053086280823, "_step": 9, "_wandb": {"runtime": 491}}