{"epoch": 6, "loss": 0.0014824838107649425, "t2v_metrics": 0.0, "v2t_metrics": 0.0, "val_loss": 0.04933582991361618, "val_t2v_metrics_R1": 3.575685339690107, "val_t2v_metrics_R5": 10.041716328963052, "val_t2v_metrics_R10": 14.36233611442193, "val_t2v_metrics_R50": 30.63170441001192, "val_t2v_metrics_MedR": 189.5, "val_t2v_metrics_MeanR": 520.9237187127533, "val_t2v_metrics_geometric_mean_R1-R5-R10": 8.019195037585103, "val_v2t_metrics_R1": 4.141835518474374, "val_v2t_metrics_R5": 12.008343265792611, "val_v2t_metrics_R10": 17.520858164481524, "val_v2t_metrics_R50": 31.823599523241956, "val_v2t_metrics_MedR": 178.5, "val_v2t_metrics_MeanR": 506.2333134684148, "val_v2t_metrics_geometric_mean_R1-R5-R10": 9.551621519777223, "_timestamp": 1683937876.4024293, "_runtime": 650.3034694194794, "_step": 5, "_wandb": {"runtime": 649}}