{"epoch": 0, "loss": 0.12127555954203366, "t2v_metrics": 0.0, "v2t_metrics": 0.0, "val_loss": 0.12131329625844955, "val_t2v_metrics_R1": 0.0, "val_t2v_metrics_R5": 0.11904761904761904, "val_t2v_metrics_R10": 0.20833333333333334, "val_t2v_metrics_R50": 1.2202380952380953, "val_t2v_metrics_MedR": 1667.5, "val_t2v_metrics_MeanR": 1677.9586309523809, "val_t2v_metrics_geometric_mean_R1-R5-R10": 0.0, "val_v2t_metrics_R1": 0.02976190476190476, "val_v2t_metrics_R5": 0.1488095238095238, "val_v2t_metrics_R10": 0.3273809523809524, "val_v2t_metrics_R50": 1.369047619047619, "val_v2t_metrics_MedR": 1656.5, "val_v2t_metrics_MeanR": 1670.315625, "val_v2t_metrics_geometric_mean_R1-R5-R10": 0.11318310895123185, "_timestamp": 1679105360.7341645, "_runtime": 42.98346138000488, "_step": 0, "_wandb": {"runtime": 42}}