{"epoch": 12, "loss": 0.0007563655550478312, "t2v_metrics": 0.0, "v2t_metrics": 0.0, "val_loss": 0.025958599522709846, "val_t2v_metrics_R1": 6.666666666666667, "val_t2v_metrics_R5": 20.595238095238095, "val_t2v_metrics_R10": 30.714285714285715, "val_t2v_metrics_R50": 58.80952380952381, "val_t2v_metrics_MedR": 31.0, "val_t2v_metrics_MeanR": 152.61220238095237, "val_t2v_metrics_geometric_mean_R1-R5-R10": 16.156179114504333, "val_v2t_metrics_R1": 8.630952380952381, "val_v2t_metrics_R5": 25.952380952380953, "val_v2t_metrics_R10": 33.392857142857146, "val_v2t_metrics_R50": 59.82142857142857, "val_v2t_metrics_MedR": 28.0, "val_v2t_metrics_MeanR": 138.15059523809524, "val_v2t_metrics_geometric_mean_R1-R5-R10": 19.556741824747892, "_timestamp": 1683947016.4735267, "_runtime": 2469.7846896648407, "_step": 11, "_wandb": {"runtime": 2469}}