{"epoch": 1, "loss": 0.02346037550574905, "t2v_metrics": 0.0, "v2t_metrics": 0.0, "val_loss": 0.016963249072432518, "val_t2v_metrics_R1": 4.226190476190476, "val_t2v_metrics_R5": 14.94047619047619, "val_t2v_metrics_R10": 22.261904761904763, "val_t2v_metrics_R50": 47.470238095238095, "val_t2v_metrics_MedR": 56.0, "val_t2v_metrics_MeanR": 174.32886904761904, "val_t2v_metrics_geometric_mean_R1-R5-R10": 11.20190647488148, "val_v2t_metrics_R1": 6.696428571428571, "val_v2t_metrics_R5": 19.107142857142858, "val_v2t_metrics_R10": 26.93452380952381, "val_v2t_metrics_R50": 52.857142857142854, "val_v2t_metrics_MedR": 43.0, "val_v2t_metrics_MeanR": 154.7108630952381, "val_v2t_metrics_geometric_mean_R1-R5-R10": 15.104838901859686, "_timestamp": 1679103814.3225286, "_runtime": 77.1865336894989, "_step": 0, "_wandb": {"runtime": 79}}