{"epoch": 18, "loss": 0.0005292910361839901, "t2v_metrics": 0.0, "v2t_metrics": 0.0, "val_loss": 0.04093340411782265, "val_t2v_metrics_R1": 4.464285714285714, "val_t2v_metrics_R5": 14.613095238095237, "val_t2v_metrics_R10": 21.577380952380953, "val_t2v_metrics_R50": 41.57738095238095, "val_t2v_metrics_MedR": 83.0, "val_t2v_metrics_MeanR": 311.9389880952381, "val_t2v_metrics_geometric_mean_R1-R5-R10": 11.207213408073004, "val_v2t_metrics_R1": 5.744047619047619, "val_v2t_metrics_R5": 15.922619047619047, "val_v2t_metrics_R10": 22.738095238095237, "val_v2t_metrics_R50": 42.410714285714285, "val_v2t_metrics_MedR": 81.5, "val_v2t_metrics_MeanR": 303.82142857142856, "val_v2t_metrics_geometric_mean_R1-R5-R10": 12.764256979398755, "_timestamp": 1684026500.3135839, "_runtime": 2192.7470808029175, "_step": 17, "_wandb": {"runtime": 2192}}