{"epoch": 1, "loss": 0.12140823402676722, "t2v_metrics": 0.0, "v2t_metrics": 0.0, "val_loss": 0.12139372527599335, "val_t2v_metrics_R1": 0.02976190476190476, "val_t2v_metrics_R5": 0.2976190476190476, "val_t2v_metrics_R10": 0.44642857142857145, "val_t2v_metrics_R50": 1.4285714285714286, "val_t2v_metrics_MedR": 1671.0, "val_t2v_metrics_MeanR": 1689.0019345238095, "val_t2v_metrics_geometric_mean_R1-R5-R10": 0.15813371565217424, "val_v2t_metrics_R1": 0.05952380952380952, "val_v2t_metrics_R5": 0.1488095238095238, "val_v2t_metrics_R10": 0.35714285714285715, "val_v2t_metrics_R50": 1.2797619047619047, "val_v2t_metrics_MedR": 1684.5, "val_v2t_metrics_MeanR": 1687.679761904762, "val_v2t_metrics_geometric_mean_R1-R5-R10": 0.14679833775776607, "_timestamp": 1679105619.720655, "_runtime": 41.666598081588745, "_step": 0, "_wandb": {"runtime": 41}}