{"epoch": 33, "loss": 0.0001296115343975736, "t2v_metrics": 0.0, "v2t_metrics": 0.0, "val_loss": 0.03158598765730858, "val_t2v_metrics_R1": 9.375, "val_t2v_metrics_R5": 25.386904761904763, "val_t2v_metrics_R10": 34.76190476190476, "val_t2v_metrics_R50": 58.42261904761905, "val_t2v_metrics_MedR": 30.0, "val_t2v_metrics_MeanR": 171.47559523809525, "val_t2v_metrics_geometric_mean_R1-R5-R10": 20.22529501724459, "val_v2t_metrics_R1": 10.595238095238095, "val_v2t_metrics_R5": 26.81547619047619, "val_v2t_metrics_R10": 35.892857142857146, "val_v2t_metrics_R50": 58.779761904761905, "val_v2t_metrics_MedR": 28.0, "val_v2t_metrics_MeanR": 162.1482142857143, "val_v2t_metrics_geometric_mean_R1-R5-R10": 21.685432497022482, "_timestamp": 1684044954.1976964, "_runtime": 4530.946676492691, "_step": 32}