{"epoch": 1, "loss": 0.1212317778398751, "t2v_metrics": 0.0, "v2t_metrics": 0.0, "val_loss": 0.12119164317846298, "val_t2v_metrics_R1": 0.0, "val_t2v_metrics_R5": 0.20833333333333334, "val_t2v_metrics_R10": 0.35714285714285715, "val_t2v_metrics_R50": 1.4285714285714286, "val_t2v_metrics_MedR": 1638.0, "val_t2v_metrics_MeanR": 1657.8715773809524, "val_t2v_metrics_geometric_mean_R1-R5-R10": 0.0, "val_v2t_metrics_R1": 0.0, "val_v2t_metrics_R5": 0.0, "val_v2t_metrics_R10": 0.0, "val_v2t_metrics_R50": 1.5178571428571428, "val_v2t_metrics_MedR": 1645.0, "val_v2t_metrics_MeanR": 1658.0604166666667, "val_v2t_metrics_geometric_mean_R1-R5-R10": 0.0, "_timestamp": 1684050217.7305093, "_runtime": 151.54413723945618, "_step": 0, "_wandb": {"runtime": 267}}