{"epoch": 7, "loss": 0.00021469282119600375, "t2v_metrics": 0.0, "v2t_metrics": 0.0, "val_loss": 0.017041269689798355, "val_t2v_metrics_R1": 9.732142857142858, "val_t2v_metrics_R5": 27.142857142857142, "val_t2v_metrics_R10": 36.81547619047619, "val_t2v_metrics_R50": 62.232142857142854, "val_t2v_metrics_MedR": 24.0, "val_t2v_metrics_MeanR": 138.2669642857143, "val_t2v_metrics_geometric_mean_R1-R5-R10": 21.34509798677273, "val_v2t_metrics_R1": 11.93452380952381, "val_v2t_metrics_R5": 30.476190476190474, "val_v2t_metrics_R10": 40.38690476190476, "val_v2t_metrics_R50": 63.30357142857143, "val_v2t_metrics_MedR": 20.0, "val_v2t_metrics_MeanR": 127.3514880952381, "val_v2t_metrics_geometric_mean_R1-R5-R10": 24.49075168262552, "_timestamp": 1683942305.5677156, "_runtime": 900.6646807193756, "_step": 6, "_wandb": {"runtime": 899}}