{"epoch": 10, "loss": 0.00016341576440451577, "t2v_metrics": 0.0, "v2t_metrics": 0.0, "val_loss": 0.024564463645219803, "val_t2v_metrics_R1": 7.946428571428571, "val_t2v_metrics_R5": 20.357142857142858, "val_t2v_metrics_R10": 27.321428571428573, "val_t2v_metrics_R50": 50.357142857142854, "val_t2v_metrics_MedR": 49.0, "val_t2v_metrics_MeanR": 223.72976190476192, "val_t2v_metrics_geometric_mean_R1-R5-R10": 16.41083720720674, "val_v2t_metrics_R1": 8.125, "val_v2t_metrics_R5": 21.13095238095238, "val_v2t_metrics_R10": 28.63095238095238, "val_v2t_metrics_R50": 49.583333333333336, "val_v2t_metrics_MedR": 52.0, "val_v2t_metrics_MeanR": 216.91458333333333, "val_v2t_metrics_geometric_mean_R1-R5-R10": 17.00302050422765, "_timestamp": 1679107192.5720134, "_runtime": 279.9092483520508, "_step": 9, "_wandb": {"runtime": 279}}