{"epoch": 8, "loss": 0.00013032465163821048, "t2v_metrics": 0.0, "v2t_metrics": 0.0, "val_loss": 0.01424600649625063, "val_t2v_metrics_R1": 11.964285714285714, "val_t2v_metrics_R5": 29.523809523809526, "val_t2v_metrics_R10": 39.49404761904762, "val_t2v_metrics_R50": 64.28571428571429, "val_t2v_metrics_MedR": 20.0, "val_t2v_metrics_MeanR": 126.31964285714285, "val_t2v_metrics_geometric_mean_R1-R5-R10": 24.073003111935353, "val_v2t_metrics_R1": 14.613095238095237, "val_v2t_metrics_R5": 32.589285714285715, "val_v2t_metrics_R10": 42.023809523809526, "val_v2t_metrics_R50": 65.68452380952381, "val_v2t_metrics_MedR": 18.0, "val_v2t_metrics_MeanR": 118.70386904761905, "val_v2t_metrics_geometric_mean_R1-R5-R10": 27.150061974932278, "_timestamp": 1679100273.836362, "_runtime": 415.3667697906494, "_step": 7, "_wandb": {"runtime": 414}}