{"epoch": 23, "loss": 0.000212799510028504, "t2v_metrics": 0.0, "v2t_metrics": 0.0, "val_loss": 0.029088707640767097, "val_t2v_metrics_R1": 8.839285714285714, "val_t2v_metrics_R5": 25.386904761904763, "val_t2v_metrics_R10": 36.19047619047619, "val_t2v_metrics_R50": 60.11904761904762, "val_t2v_metrics_MedR": 27.0, "val_t2v_metrics_MeanR": 156.70625, "val_t2v_metrics_geometric_mean_R1-R5-R10": 20.10050989467747, "val_v2t_metrics_R1": 10.267857142857142, "val_v2t_metrics_R5": 27.55952380952381, "val_v2t_metrics_R10": 36.101190476190474, "val_v2t_metrics_R50": 61.339285714285715, "val_v2t_metrics_MedR": 25.0, "val_v2t_metrics_MeanR": 144.99642857142857, "val_v2t_metrics_geometric_mean_R1-R5-R10": 21.69823208676201, "_timestamp": 1684049824.3358905, "_runtime": 3567.484039545059, "_step": 22, "_wandb": {"runtime": 3669}}