{"epoch": 4, "loss": 0.01542263174991286, "t2v_metrics": 0.0, "v2t_metrics": 0.0, "val_loss": 0.03155200183391571, "val_t2v_metrics_R1": 2.5, "val_t2v_metrics_R5": 9.791666666666666, "val_t2v_metrics_R10": 15.267857142857142, "val_t2v_metrics_R50": 35.29761904761905, "val_t2v_metrics_MedR": 117.5, "val_t2v_metrics_MeanR": 303.93824404761904, "val_t2v_metrics_geometric_mean_R1-R5-R10": 7.203190584658177, "val_v2t_metrics_R1": 3.4226190476190474, "val_v2t_metrics_R5": 11.458333333333334, "val_v2t_metrics_R10": 17.38095238095238, "val_v2t_metrics_R50": 38.30357142857143, "val_v2t_metrics_MedR": 100.0, "val_v2t_metrics_MeanR": 275.6282738095238, "val_v2t_metrics_geometric_mean_R1-R5-R10": 8.800713063904846, "_timestamp": 1683988205.8383856, "_runtime": 489.4444806575775, "_step": 3}