{"epoch": 6, "loss": 0.0014597065215658604, "t2v_metrics": 0.0, "v2t_metrics": 0.0, "val_loss": 0.048453666269779205, "val_t2v_metrics_R1": 3.098927294398093, "val_t2v_metrics_R5": 10.63766388557807, "val_t2v_metrics_R10": 15.196662693682956, "val_t2v_metrics_R50": 30.601907032181167, "val_t2v_metrics_MedR": 183.5, "val_t2v_metrics_MeanR": 501.1921930870083, "val_t2v_metrics_geometric_mean_R1-R5-R10": 7.942098914824642, "val_v2t_metrics_R1": 4.916567342073898, "val_v2t_metrics_R5": 12.485101311084625, "val_v2t_metrics_R10": 17.28247914183552, "val_v2t_metrics_R50": 31.31704410011919, "val_v2t_metrics_MedR": 180.5, "val_v2t_metrics_MeanR": 501.4082240762813, "val_v2t_metrics_geometric_mean_R1-R5-R10": 10.198900810995223, "_timestamp": 1683940243.9191413, "_runtime": 674.2453782558441, "_step": 5, "_wandb": {"runtime": 673}}