{"epoch": 3, "loss": 0.01916364643466536, "t2v_metrics": 0.0, "v2t_metrics": 0.0, "val_loss": 0.025250913575291634, "val_t2v_metrics_R1": 3.1547619047619047, "val_t2v_metrics_R5": 11.339285714285714, "val_t2v_metrics_R10": 16.875, "val_t2v_metrics_R50": 39.55357142857143, "val_t2v_metrics_MedR": 86.0, "val_t2v_metrics_MeanR": 222.96369047619046, "val_t2v_metrics_geometric_mean_R1-R5-R10": 8.451465492130433, "val_v2t_metrics_R1": 3.6607142857142856, "val_v2t_metrics_R5": 12.708333333333334, "val_v2t_metrics_R10": 19.49404761904762, "val_v2t_metrics_R50": 44.791666666666664, "val_v2t_metrics_MedR": 64.0, "val_v2t_metrics_MeanR": 192.06666666666666, "val_v2t_metrics_geometric_mean_R1-R5-R10": 9.679482777420414, "_timestamp": 1683972146.5032117, "_runtime": 810.3560018539429, "_step": 2, "_wandb": {"runtime": 823}}