{"epoch": 12, "loss": 0.0006617007988983046, "t2v_metrics": 0.0, "v2t_metrics": 0.0, "val_loss": 0.023927493020892143, "val_t2v_metrics_R1": 7.678571428571429, "val_t2v_metrics_R5": 23.988095238095237, "val_t2v_metrics_R10": 33.839285714285715, "val_t2v_metrics_R50": 61.48809523809524, "val_t2v_metrics_MedR": 26.0, "val_t2v_metrics_MeanR": 132.32559523809525, "val_t2v_metrics_geometric_mean_R1-R5-R10": 18.403444964536245, "val_v2t_metrics_R1": 9.880952380952381, "val_v2t_metrics_R5": 27.172619047619047, "val_v2t_metrics_R10": 37.38095238095238, "val_v2t_metrics_R50": 63.482142857142854, "val_v2t_metrics_MedR": 23.0, "val_v2t_metrics_MeanR": 119.31339285714286, "val_v2t_metrics_geometric_mean_R1-R5-R10": 21.570500533551375, "_timestamp": 1683979209.886246, "_runtime": 2904.747458934784, "_step": 11, "_wandb": {"runtime": 2903}}