{"epoch": 14, "loss": 8.408499792644267e-05, "t2v_metrics": 0.0, "v2t_metrics": 0.0, "val_loss": 0.028726395219564438, "val_t2v_metrics_R1": 7.708333333333333, "val_t2v_metrics_R5": 19.25595238095238, "val_t2v_metrics_R10": 27.113095238095237, "val_t2v_metrics_R50": 48.45238095238095, "val_t2v_metrics_MedR": 55.5, "val_t2v_metrics_MeanR": 253.31875, "val_t2v_metrics_geometric_mean_R1-R5-R10": 15.906264375547861, "val_v2t_metrics_R1": 8.035714285714286, "val_v2t_metrics_R5": 20.238095238095237, "val_v2t_metrics_R10": 27.589285714285715, "val_v2t_metrics_R50": 48.69047619047619, "val_v2t_metrics_MedR": 55.0, "val_v2t_metrics_MeanR": 246.03154761904761, "val_v2t_metrics_geometric_mean_R1-R5-R10": 16.493450685237974, "_timestamp": 1683722390.8889477, "_runtime": 1726.8437316417694, "_step": 13, "_wandb": {"runtime": 1726}}