{"epoch": 9, "loss": 0.0001893387702705934, "t2v_metrics": 0.0, "v2t_metrics": 0.0, "val_loss": 0.022937428206205368, "val_t2v_metrics_R1": 7.113095238095238, "val_t2v_metrics_R5": 20.50595238095238, "val_t2v_metrics_R10": 28.095238095238095, "val_t2v_metrics_R50": 51.041666666666664, "val_t2v_metrics_MedR": 47.0, "val_t2v_metrics_MeanR": 209.49166666666667, "val_t2v_metrics_geometric_mean_R1-R5-R10": 16.00259552497454, "val_v2t_metrics_R1": 8.035714285714286, "val_v2t_metrics_R5": 20.535714285714285, "val_v2t_metrics_R10": 29.404761904761905, "val_v2t_metrics_R50": 51.517857142857146, "val_v2t_metrics_MedR": 46.0, "val_v2t_metrics_MeanR": 206.56785714285715, "val_v2t_metrics_geometric_mean_R1-R5-R10": 16.929754319237407, "_timestamp": 1679108708.9239638, "_runtime": 295.82401490211487, "_step": 8, "_wandb": {"runtime": 294}}