{"epoch": 9, "loss": 0.00013904713146932086, "t2v_metrics": 0.0, "v2t_metrics": 0.0, "val_loss": 0.017385974526405334, "val_t2v_metrics_R1": 10.05952380952381, "val_t2v_metrics_R5": 26.81547619047619, "val_t2v_metrics_R10": 36.964285714285715, "val_t2v_metrics_R50": 61.398809523809526, "val_t2v_metrics_MedR": 24.0, "val_t2v_metrics_MeanR": 147.21041666666667, "val_t2v_metrics_geometric_mean_R1-R5-R10": 21.52360855228108, "val_v2t_metrics_R1": 12.410714285714286, "val_v2t_metrics_R5": 29.970238095238095, "val_v2t_metrics_R10": 38.80952380952381, "val_v2t_metrics_R50": 62.55952380952381, "val_v2t_metrics_MedR": 22.0, "val_v2t_metrics_MeanR": 137.40952380952382, "val_v2t_metrics_geometric_mean_R1-R5-R10": 24.34866165940916, "_timestamp": 1679108143.0849228, "_runtime": 296.8095557689667, "_step": 8, "_wandb": {"runtime": 295}}