{"epoch": 9, "loss": 0.00010743566377853697, "t2v_metrics": 0.0, "v2t_metrics": 0.0, "val_loss": 0.014833091758191586, "val_t2v_metrics_R1": 12.023809523809524, "val_t2v_metrics_R5": 31.517857142857142, "val_t2v_metrics_R10": 41.42857142857143, "val_t2v_metrics_R50": 65.625, "val_t2v_metrics_MedR": 18.0, "val_t2v_metrics_MeanR": 116.40982142857143, "val_t2v_metrics_geometric_mean_R1-R5-R10": 25.039918410245573, "val_v2t_metrics_R1": 15.089285714285714, "val_v2t_metrics_R5": 34.94047619047619, "val_v2t_metrics_R10": 44.464285714285715, "val_v2t_metrics_R50": 67.14285714285714, "val_v2t_metrics_MedR": 16.0, "val_v2t_metrics_MeanR": 108.62529761904761, "val_v2t_metrics_geometric_mean_R1-R5-R10": 28.6199985344614, "_timestamp": 1679103130.3502328, "_runtime": 467.89031076431274, "_step": 8, "_wandb": {"runtime": 466}}