{"epoch": 10, "loss": 0.00016307239726804005, "t2v_metrics": 0.0, "v2t_metrics": 0.0, "val_loss": 0.023879896849393845, "val_t2v_metrics_R1": 8.125, "val_t2v_metrics_R5": 20.386904761904763, "val_t2v_metrics_R10": 27.827380952380953, "val_t2v_metrics_R50": 50.625, "val_t2v_metrics_MedR": 49.0, "val_t2v_metrics_MeanR": 217.03095238095239, "val_t2v_metrics_geometric_mean_R1-R5-R10": 16.642388874793916, "val_v2t_metrics_R1": 8.660714285714286, "val_v2t_metrics_R5": 21.160714285714285, "val_v2t_metrics_R10": 28.928571428571427, "val_v2t_metrics_R50": 51.25, "val_v2t_metrics_MedR": 47.0, "val_v2t_metrics_MeanR": 211.69345238095238, "val_v2t_metrics_geometric_mean_R1-R5-R10": 17.436942716768627, "_timestamp": 1679110155.1962175, "_runtime": 333.2301676273346, "_step": 9, "_wandb": {"runtime": 332}}