{"epoch": 11, "loss": 0.0015647065167921402, "t2v_metrics": 0.0, "v2t_metrics": 0.0, "val_loss": 0.03645388036966324, "val_t2v_metrics_R1": 4.315476190476191, "val_t2v_metrics_R5": 13.869047619047619, "val_t2v_metrics_R10": 20.327380952380953, "val_t2v_metrics_R50": 41.69642857142857, "val_t2v_metrics_MedR": 83.0, "val_t2v_metrics_MeanR": 292.76488095238096, "val_t2v_metrics_geometric_mean_R1-R5-R10": 10.675435398950318, "val_v2t_metrics_R1": 5.565476190476191, "val_v2t_metrics_R5": 15.68452380952381, "val_v2t_metrics_R10": 22.470238095238095, "val_v2t_metrics_R50": 43.392857142857146, "val_v2t_metrics_MedR": 75.5, "val_v2t_metrics_MeanR": 277.19613095238094, "val_v2t_metrics_geometric_mean_R1-R5-R10": 12.517774211657223, "_timestamp": 1684031807.7391458, "_runtime": 1315.1440708637238, "_step": 10, "_wandb": {"runtime": 1314}}