{"epoch": 31, "loss": 0.00012703522415471351, "t2v_metrics": 0.0, "v2t_metrics": 0.0, "val_loss": 0.027681579813361168, "val_t2v_metrics_R1": 9.821428571428571, "val_t2v_metrics_R5": 29.553571428571427, "val_t2v_metrics_R10": 39.70238095238095, "val_t2v_metrics_R50": 64.16666666666667, "val_t2v_metrics_MedR": 21.0, "val_t2v_metrics_MeanR": 132.11875, "val_t2v_metrics_geometric_mean_R1-R5-R10": 22.5874426001062, "val_v2t_metrics_R1": 11.696428571428571, "val_v2t_metrics_R5": 31.011904761904763, "val_v2t_metrics_R10": 40.714285714285715, "val_v2t_metrics_R50": 64.85119047619048, "val_v2t_metrics_MedR": 20.0, "val_v2t_metrics_MeanR": 122.88869047619048, "val_v2t_metrics_geometric_mean_R1-R5-R10": 24.534441612915188, "_timestamp": 1683986215.8563576, "_runtime": 6016.901186466217, "_step": 30, "_wandb": {"runtime": 6071}}