{"epoch": 43, "loss": 8.906616721774707e-05, "t2v_metrics": 0.0, "v2t_metrics": 0.0, "val_loss": 0.03131408244371414, "val_t2v_metrics_R1": 9.821428571428571, "val_t2v_metrics_R5": 26.398809523809526, "val_t2v_metrics_R10": 37.05357142857143, "val_t2v_metrics_R50": 60.625, "val_t2v_metrics_MedR": 26.0, "val_t2v_metrics_MeanR": 156.85654761904763, "val_t2v_metrics_geometric_mean_R1-R5-R10": 21.25835684989673, "val_v2t_metrics_R1": 10.773809523809524, "val_v2t_metrics_R5": 27.708333333333332, "val_v2t_metrics_R10": 36.81547619047619, "val_v2t_metrics_R50": 61.398809523809526, "val_v2t_metrics_MedR": 25.0, "val_v2t_metrics_MeanR": 148.73898809523808, "val_v2t_metrics_geometric_mean_R1-R5-R10": 22.233271582762498, "_timestamp": 1684055846.3589485, "_runtime": 5467.378010511398, "_step": 42}