{"epoch": 2, "loss": 0.04976986986264665, "t2v_metrics": 0.0, "v2t_metrics": 0.0, "val_loss": 0.031867776066064835, "val_t2v_metrics_R1": 1.8452380952380953, "val_t2v_metrics_R5": 6.904761904761905, "val_t2v_metrics_R10": 11.279761904761905, "val_t2v_metrics_R50": 29.464285714285715, "val_t2v_metrics_MedR": 143.0, "val_t2v_metrics_MeanR": 314.57157738095236, "val_t2v_metrics_geometric_mean_R1-R5-R10": 5.238018372543839, "val_v2t_metrics_R1": 2.1726190476190474, "val_v2t_metrics_R5": 7.8273809523809526, "val_v2t_metrics_R10": 13.660714285714286, "val_v2t_metrics_R50": 33.36309523809524, "val_v2t_metrics_MedR": 110.0, "val_v2t_metrics_MeanR": 271.99613095238095, "val_v2t_metrics_geometric_mean_R1-R5-R10": 6.147395487557696, "_timestamp": 1683976029.1836112, "_runtime": 489.4540972709656, "_step": 1, "_wandb": {"runtime": 581}}