{"epoch": 10, "loss": 0.00014898053181221967, "t2v_metrics": 0.0, "v2t_metrics": 0.0, "val_loss": 0.021006781607866287, "val_t2v_metrics_R1": 8.75, "val_t2v_metrics_R5": 23.035714285714285, "val_t2v_metrics_R10": 31.25, "val_t2v_metrics_R50": 54.67261904761905, "val_t2v_metrics_MedR": 38.0, "val_t2v_metrics_MeanR": 182.97544642857142, "val_t2v_metrics_geometric_mean_R1-R5-R10": 18.468002273030958, "val_v2t_metrics_R1": 9.464285714285714, "val_v2t_metrics_R5": 24.017857142857142, "val_v2t_metrics_R10": 32.88690476190476, "val_v2t_metrics_R50": 56.07142857142857, "val_v2t_metrics_MedR": 33.0, "val_v2t_metrics_MeanR": 179.30178571428573, "val_v2t_metrics_geometric_mean_R1-R5-R10": 19.55307353285828, "_timestamp": 1679110738.638704, "_runtime": 359.5118730068207, "_step": 9, "_wandb": {"runtime": 358}}